{"max": [3.21865e-06, 8.83608, 29.1821], "centroid": [-17.89777971992544, 2.80176640735961, 8.778255977973194], "id": "1a74b169a76e651ebc0909d98a1ff2b4", "numVertices": 43702, "min": [-35.805, 0.0, 0.0]}
